classification,cleanup_decision,artifact,phase,schema,market,year,pair,issue_type,policy_status,cleanup_allowed,path_or_pattern,interpretation,evidence,next_action
EXPLICITLY_DEFERRED_POLICY_GAP,cleanup_blocked_until_policy_review,data/dbn/ohlcv_1m,phase1A_source_ohlcv,ohlcv-1m,TN,2010,TN:2010,extra_pair,allowed_extra,false,data/dbn/ohlcv_1m,"extra historical DBN pair is explicitly allowed by manifest policy, with cleanup still disabled",present in filename inventory but outside manifest expected range,review whether the allowed extra should remain source evidence or receive a documented cleanup policy
EXPLICITLY_DEFERRED_POLICY_GAP,cleanup_blocked_until_policy_review,data/dbn/ohlcv_1m,phase1A_source_ohlcv,ohlcv-1m,TN,2011,TN:2011,extra_pair,allowed_extra,false,data/dbn/ohlcv_1m,"extra historical DBN pair is explicitly allowed by manifest policy, with cleanup still disabled",present in filename inventory but outside manifest expected range,review whether the allowed extra should remain source evidence or receive a documented cleanup policy
EXPLICITLY_DEFERRED_POLICY_GAP,cleanup_blocked_until_policy_review,data/dbn/ohlcv_1m,phase1A_source_ohlcv,ohlcv-1m,TN,2012,TN:2012,extra_pair,allowed_extra,false,data/dbn/ohlcv_1m,"extra historical DBN pair is explicitly allowed by manifest policy, with cleanup still disabled",present in filename inventory but outside manifest expected range,review whether the allowed extra should remain source evidence or receive a documented cleanup policy
EXPLICITLY_DEFERRED_POLICY_GAP,cleanup_blocked_until_policy_review,data/dbn/ohlcv_1m,phase1A_source_ohlcv,ohlcv-1m,ZL,2010,ZL:2010,extra_pair,allowed_extra,false,data/dbn/ohlcv_1m,"extra historical DBN pair is explicitly allowed by manifest policy, with cleanup still disabled",present in filename inventory but outside manifest expected range,review whether the allowed extra should remain source evidence or receive a documented cleanup policy
EXPLICITLY_DEFERRED_POLICY_GAP,cleanup_blocked_until_policy_review,data/dbn/ohlcv_1m,phase1A_source_ohlcv,ohlcv-1m,ZM,2010,ZM:2010,extra_pair,allowed_extra,false,data/dbn/ohlcv_1m,"extra historical DBN pair is explicitly allowed by manifest policy, with cleanup still disabled",present in filename inventory but outside manifest expected range,review whether the allowed extra should remain source evidence or receive a documented cleanup policy
DUPLICATE_POLICY_DEFERRED,cleanup_blocked_until_duplicate_review,data/dbn/ohlcv_1m,phase1A_source_ohlcv,ohlcv-1m,6M,2026,6M:2026,duplicate_pair,known_duplicate_policy_deferred,false,data/dbn/ohlcv_1m,known duplicate DBN market-year is policy-deferred review-before-cleanup,data/dbn/ohlcv_1m/6M/2026/2026-01-01_2026-06-13.dbn.zst;data/dbn/ohlcv_1m/6M/2026/2026-06-12_2026-06-13.dbn.zst,review duplicate path evidence and choose keep/merge/quarantine policy before cleanup evaluation
EXPLICITLY_DEFERRED_POLICY_GAP,cleanup_blocked_until_policy_review,data/dbn/ohlcv_1s,phase1A_source_ohlcv,ohlcv-1s,TN,2010,TN:2010,extra_pair,allowed_extra,false,data/dbn/ohlcv_1s,"extra historical DBN pair is explicitly allowed by manifest policy, with cleanup still disabled",present in filename inventory but outside manifest expected range,review whether the allowed extra should remain source evidence or receive a documented cleanup policy
EXPLICITLY_DEFERRED_POLICY_GAP,cleanup_blocked_until_policy_review,data/dbn/ohlcv_1s,phase1A_source_ohlcv,ohlcv-1s,TN,2011,TN:2011,extra_pair,allowed_extra,false,data/dbn/ohlcv_1s,"extra historical DBN pair is explicitly allowed by manifest policy, with cleanup still disabled",present in filename inventory but outside manifest expected range,review whether the allowed extra should remain source evidence or receive a documented cleanup policy
EXPLICITLY_DEFERRED_POLICY_GAP,cleanup_blocked_until_policy_review,data/dbn/ohlcv_1s,phase1A_source_ohlcv,ohlcv-1s,TN,2012,TN:2012,extra_pair,allowed_extra,false,data/dbn/ohlcv_1s,"extra historical DBN pair is explicitly allowed by manifest policy, with cleanup still disabled",present in filename inventory but outside manifest expected range,review whether the allowed extra should remain source evidence or receive a documented cleanup policy
EXPLICITLY_DEFERRED_POLICY_GAP,cleanup_blocked_until_policy_review,data/dbn/ohlcv_1s,phase1A_source_ohlcv,ohlcv-1s,ZL,2010,ZL:2010,extra_pair,allowed_extra,false,data/dbn/ohlcv_1s,"extra historical DBN pair is explicitly allowed by manifest policy, with cleanup still disabled",present in filename inventory but outside manifest expected range,review whether the allowed extra should remain source evidence or receive a documented cleanup policy
EXPLICITLY_DEFERRED_POLICY_GAP,cleanup_blocked_until_policy_review,data/dbn/ohlcv_1s,phase1A_source_ohlcv,ohlcv-1s,ZM,2010,ZM:2010,extra_pair,allowed_extra,false,data/dbn/ohlcv_1s,"extra historical DBN pair is explicitly allowed by manifest policy, with cleanup still disabled",present in filename inventory but outside manifest expected range,review whether the allowed extra should remain source evidence or receive a documented cleanup policy
DUPLICATE_POLICY_DEFERRED,cleanup_blocked_until_duplicate_review,data/dbn/ohlcv_1s,phase1A_source_ohlcv,ohlcv-1s,6M,2026,6M:2026,duplicate_pair,known_duplicate_policy_deferred,false,data/dbn/ohlcv_1s,known duplicate DBN market-year is policy-deferred review-before-cleanup,data/dbn/ohlcv_1s/6M/2026/2026-01-01_2026-06-13.dbn.zst;data/dbn/ohlcv_1s/6M/2026/2026-06-12_2026-06-13.dbn.zst,review duplicate path evidence and choose keep/merge/quarantine policy before cleanup evaluation
DUPLICATE_POLICY_DEFERRED,cleanup_blocked_until_duplicate_review,data/dbn/ohlcv_1h,phase1A_source_ohlcv,ohlcv-1h,6M,2026,6M:2026,duplicate_pair,known_duplicate_policy_deferred,false,data/dbn/ohlcv_1h,known duplicate DBN market-year is policy-deferred review-before-cleanup,data/dbn/ohlcv_1h/6M/2026/2026-01-01_2026-06-13.dbn.zst;data/dbn/ohlcv_1h/6M/2026/2026-06-12_2026-06-13.dbn.zst,review duplicate path evidence and choose keep/merge/quarantine policy before cleanup evaluation
DUPLICATE_POLICY_DEFERRED,cleanup_blocked_until_duplicate_review,data/dbn/ohlcv_1d,phase1A_source_ohlcv,ohlcv-1d,6M,2026,6M:2026,duplicate_pair,known_duplicate_policy_deferred,false,data/dbn/ohlcv_1d,known duplicate DBN market-year is policy-deferred review-before-cleanup,data/dbn/ohlcv_1d/6M/2026/2026-01-01_2026-06-13.dbn.zst;data/dbn/ohlcv_1d/6M/2026/2026-06-12_2026-06-13.dbn.zst,review duplicate path evidence and choose keep/merge/quarantine policy before cleanup evaluation
EXPLICITLY_DEFERRED_POLICY_GAP,cleanup_blocked_until_policy_review,data/dbn/statistics,phase1A_source_optional_enrichment,statistics,TN,2010,TN:2010,extra_pair,allowed_extra,false,data/dbn/statistics,"extra historical DBN pair is explicitly allowed by manifest policy, with cleanup still disabled",present in filename inventory but outside manifest expected range,review whether the allowed extra should remain source evidence or receive a documented cleanup policy
EXPLICITLY_DEFERRED_POLICY_GAP,cleanup_blocked_until_policy_review,data/dbn/statistics,phase1A_source_optional_enrichment,statistics,TN,2011,TN:2011,extra_pair,allowed_extra,false,data/dbn/statistics,"extra historical DBN pair is explicitly allowed by manifest policy, with cleanup still disabled",present in filename inventory but outside manifest expected range,review whether the allowed extra should remain source evidence or receive a documented cleanup policy
EXPLICITLY_DEFERRED_POLICY_GAP,cleanup_blocked_until_policy_review,data/dbn/statistics,phase1A_source_optional_enrichment,statistics,TN,2012,TN:2012,extra_pair,allowed_extra,false,data/dbn/statistics,"extra historical DBN pair is explicitly allowed by manifest policy, with cleanup still disabled",present in filename inventory but outside manifest expected range,review whether the allowed extra should remain source evidence or receive a documented cleanup policy
EXPLICITLY_DEFERRED_POLICY_GAP,cleanup_blocked_until_policy_review,data/dbn/statistics,phase1A_source_optional_enrichment,statistics,ZL,2010,ZL:2010,extra_pair,allowed_extra,false,data/dbn/statistics,"extra historical DBN pair is explicitly allowed by manifest policy, with cleanup still disabled",present in filename inventory but outside manifest expected range,review whether the allowed extra should remain source evidence or receive a documented cleanup policy
EXPLICITLY_DEFERRED_POLICY_GAP,cleanup_blocked_until_policy_review,data/dbn/statistics,phase1A_source_optional_enrichment,statistics,ZM,2010,ZM:2010,extra_pair,allowed_extra,false,data/dbn/statistics,"extra historical DBN pair is explicitly allowed by manifest policy, with cleanup still disabled",present in filename inventory but outside manifest expected range,review whether the allowed extra should remain source evidence or receive a documented cleanup policy
DUPLICATE_POLICY_DEFERRED,cleanup_blocked_until_duplicate_review,data/dbn/statistics,phase1A_source_optional_enrichment,statistics,6M,2026,6M:2026,duplicate_pair,known_duplicate_policy_deferred,false,data/dbn/statistics,known duplicate DBN market-year is policy-deferred review-before-cleanup,data/dbn/statistics/6M/2026/2026-01-01_2026-06-13.dbn.zst;data/dbn/statistics/6M/2026/2026-06-12_2026-06-13.dbn.zst,review duplicate path evidence and choose keep/merge/quarantine policy before cleanup evaluation
DUPLICATE_POLICY_DEFERRED,cleanup_blocked_until_duplicate_review,data/dbn/statistics,phase1A_source_optional_enrichment,statistics,RTY,2017,RTY:2017,duplicate_pair,known_duplicate_policy_deferred,false,data/dbn/statistics,known duplicate DBN market-year is policy-deferred review-before-cleanup,data/dbn/statistics/RTY/2017/2017-01-01_2018-01-01.dbn.zst;data/dbn/statistics/RTY/2017/2017-06-05_2018-01-01.dbn.zst,review duplicate path evidence and choose keep/merge/quarantine policy before cleanup evaluation
DUPLICATE_POLICY_DEFERRED,cleanup_blocked_until_duplicate_review,data/dbn/statistics,phase1A_source_optional_enrichment,statistics,SR3,2018,SR3:2018,duplicate_pair,known_duplicate_policy_deferred,false,data/dbn/statistics,known duplicate DBN market-year is policy-deferred review-before-cleanup,data/dbn/statistics/SR3/2018/2018-01-01_2019-01-01.dbn.zst;data/dbn/statistics/SR3/2018/2018-04-23_2019-01-01.dbn.zst,review duplicate path evidence and choose keep/merge/quarantine policy before cleanup evaluation
REPAIR_REQUIRED_BEFORE_CLEANUP,cleanup_blocked_until_repaired_or_explicitly_deferred,data/dbn/status,phase1A_source_optional_enrichment,status,6A,2014,6A:2014,missing_pair,unexpected_missing,false,data/dbn/status,missing expected data under the current manifest contract,expected by manifest but absent from filename inventory,repair the missing canonical artifact or explicitly change/defer manifest policy before cleanup evaluation
REPAIR_REQUIRED_BEFORE_CLEANUP,cleanup_blocked_until_repaired_or_explicitly_deferred,data/dbn/status,phase1A_source_optional_enrichment,status,6B,2014,6B:2014,missing_pair,unexpected_missing,false,data/dbn/status,missing expected data under the current manifest contract,expected by manifest but absent from filename inventory,repair the missing canonical artifact or explicitly change/defer manifest policy before cleanup evaluation
REPAIR_REQUIRED_BEFORE_CLEANUP,cleanup_blocked_until_repaired_or_explicitly_deferred,data/dbn/status,phase1A_source_optional_enrichment,status,6C,2010,6C:2010,missing_pair,unexpected_missing,false,data/dbn/status,missing expected data under the current manifest contract,expected by manifest but absent from filename inventory,repair the missing canonical artifact or explicitly change/defer manifest policy before cleanup evaluation
REPAIR_REQUIRED_BEFORE_CLEANUP,cleanup_blocked_until_repaired_or_explicitly_deferred,data/dbn/status,phase1A_source_optional_enrichment,status,6C,2011,6C:2011,missing_pair,unexpected_missing,false,data/dbn/status,missing expected data under the current manifest contract,expected by manifest but absent from filename inventory,repair the missing canonical artifact or explicitly change/defer manifest policy before cleanup evaluation
REPAIR_REQUIRED_BEFORE_CLEANUP,cleanup_blocked_until_repaired_or_explicitly_deferred,data/dbn/status,phase1A_source_optional_enrichment,status,6C,2014,6C:2014,missing_pair,unexpected_missing,false,data/dbn/status,missing expected data under the current manifest contract,expected by manifest but absent from filename inventory,repair the missing canonical artifact or explicitly change/defer manifest policy before cleanup evaluation
REPAIR_REQUIRED_BEFORE_CLEANUP,cleanup_blocked_until_repaired_or_explicitly_deferred,data/dbn/status,phase1A_source_optional_enrichment,status,6E,2012,6E:2012,missing_pair,unexpected_missing,false,data/dbn/status,missing expected data under the current manifest contract,expected by manifest but absent from filename inventory,repair the missing canonical artifact or explicitly change/defer manifest policy before cleanup evaluation
REPAIR_REQUIRED_BEFORE_CLEANUP,cleanup_blocked_until_repaired_or_explicitly_deferred,data/dbn/status,phase1A_source_optional_enrichment,status,6E,2013,6E:2013,missing_pair,unexpected_missing,false,data/dbn/status,missing expected data under the current manifest contract,expected by manifest but absent from filename inventory,repair the missing canonical artifact or explicitly change/defer manifest policy before cleanup evaluation
REPAIR_REQUIRED_BEFORE_CLEANUP,cleanup_blocked_until_repaired_or_explicitly_deferred,data/dbn/status,phase1A_source_optional_enrichment,status,6E,2014,6E:2014,missing_pair,unexpected_missing,false,data/dbn/status,missing expected data under the current manifest contract,expected by manifest but absent from filename inventory,repair the missing canonical artifact or explicitly change/defer manifest policy before cleanup evaluation
REPAIR_REQUIRED_BEFORE_CLEANUP,cleanup_blocked_until_repaired_or_explicitly_deferred,data/dbn/status,phase1A_source_optional_enrichment,status,6J,2010,6J:2010,missing_pair,unexpected_missing,false,data/dbn/status,missing expected data under the current manifest contract,expected by manifest but absent from filename inventory,repair the missing canonical artifact or explicitly change/defer manifest policy before cleanup evaluation
REPAIR_REQUIRED_BEFORE_CLEANUP,cleanup_blocked_until_repaired_or_explicitly_deferred,data/dbn/status,phase1A_source_optional_enrichment,status,6J,2014,6J:2014,missing_pair,unexpected_missing,false,data/dbn/status,missing expected data under the current manifest contract,expected by manifest but absent from filename inventory,repair the missing canonical artifact or explicitly change/defer manifest policy before cleanup evaluation
REPAIR_REQUIRED_BEFORE_CLEANUP,cleanup_blocked_until_repaired_or_explicitly_deferred,data/dbn/status,phase1A_source_optional_enrichment,status,6M,2013,6M:2013,missing_pair,unexpected_missing,false,data/dbn/status,missing expected data under the current manifest contract,expected by manifest but absent from filename inventory,repair the missing canonical artifact or explicitly change/defer manifest policy before cleanup evaluation
REPAIR_REQUIRED_BEFORE_CLEANUP,cleanup_blocked_until_repaired_or_explicitly_deferred,data/dbn/status,phase1A_source_optional_enrichment,status,6M,2014,6M:2014,missing_pair,unexpected_missing,false,data/dbn/status,missing expected data under the current manifest contract,expected by manifest but absent from filename inventory,repair the missing canonical artifact or explicitly change/defer manifest policy before cleanup evaluation
REPAIR_REQUIRED_BEFORE_CLEANUP,cleanup_blocked_until_repaired_or_explicitly_deferred,data/dbn/status,phase1A_source_optional_enrichment,status,ES,2014,ES:2014,missing_pair,unexpected_missing,false,data/dbn/status,missing expected data under the current manifest contract,expected by manifest but absent from filename inventory,repair the missing canonical artifact or explicitly change/defer manifest policy before cleanup evaluation
REPAIR_REQUIRED_BEFORE_CLEANUP,cleanup_blocked_until_repaired_or_explicitly_deferred,data/dbn/status,phase1A_source_optional_enrichment,status,GC,2010,GC:2010,missing_pair,unexpected_missing,false,data/dbn/status,missing expected data under the current manifest contract,expected by manifest but absent from filename inventory,repair the missing canonical artifact or explicitly change/defer manifest policy before cleanup evaluation
REPAIR_REQUIRED_BEFORE_CLEANUP,cleanup_blocked_until_repaired_or_explicitly_deferred,data/dbn/status,phase1A_source_optional_enrichment,status,GC,2014,GC:2014,missing_pair,unexpected_missing,false,data/dbn/status,missing expected data under the current manifest contract,expected by manifest but absent from filename inventory,repair the missing canonical artifact or explicitly change/defer manifest policy before cleanup evaluation
REPAIR_REQUIRED_BEFORE_CLEANUP,cleanup_blocked_until_repaired_or_explicitly_deferred,data/dbn/status,phase1A_source_optional_enrichment,status,HE,2013,HE:2013,missing_pair,unexpected_missing,false,data/dbn/status,missing expected data under the current manifest contract,expected by manifest but absent from filename inventory,repair the missing canonical artifact or explicitly change/defer manifest policy before cleanup evaluation
REPAIR_REQUIRED_BEFORE_CLEANUP,cleanup_blocked_until_repaired_or_explicitly_deferred,data/dbn/status,phase1A_source_optional_enrichment,status,HG,2011,HG:2011,missing_pair,unexpected_missing,false,data/dbn/status,missing expected data under the current manifest contract,expected by manifest but absent from filename inventory,repair the missing canonical artifact or explicitly change/defer manifest policy before cleanup evaluation
REPAIR_REQUIRED_BEFORE_CLEANUP,cleanup_blocked_until_repaired_or_explicitly_deferred,data/dbn/status,phase1A_source_optional_enrichment,status,HG,2014,HG:2014,missing_pair,unexpected_missing,false,data/dbn/status,missing expected data under the current manifest contract,expected by manifest but absent from filename inventory,repair the missing canonical artifact or explicitly change/defer manifest policy before cleanup evaluation
REPAIR_REQUIRED_BEFORE_CLEANUP,cleanup_blocked_until_repaired_or_explicitly_deferred,data/dbn/status,phase1A_source_optional_enrichment,status,HO,2010,HO:2010,missing_pair,unexpected_missing,false,data/dbn/status,missing expected data under the current manifest contract,expected by manifest but absent from filename inventory,repair the missing canonical artifact or explicitly change/defer manifest policy before cleanup evaluation
REPAIR_REQUIRED_BEFORE_CLEANUP,cleanup_blocked_until_repaired_or_explicitly_deferred,data/dbn/status,phase1A_source_optional_enrichment,status,HO,2011,HO:2011,missing_pair,unexpected_missing,false,data/dbn/status,missing expected data under the current manifest contract,expected by manifest but absent from filename inventory,repair the missing canonical artifact or explicitly change/defer manifest policy before cleanup evaluation
REPAIR_REQUIRED_BEFORE_CLEANUP,cleanup_blocked_until_repaired_or_explicitly_deferred,data/dbn/status,phase1A_source_optional_enrichment,status,HO,2012,HO:2012,missing_pair,unexpected_missing,false,data/dbn/status,missing expected data under the current manifest contract,expected by manifest but absent from filename inventory,repair the missing canonical artifact or explicitly change/defer manifest policy before cleanup evaluation
REPAIR_REQUIRED_BEFORE_CLEANUP,cleanup_blocked_until_repaired_or_explicitly_deferred,data/dbn/status,phase1A_source_optional_enrichment,status,HO,2013,HO:2013,missing_pair,unexpected_missing,false,data/dbn/status,missing expected data under the current manifest contract,expected by manifest but absent from filename inventory,repair the missing canonical artifact or explicitly change/defer manifest policy before cleanup evaluation
REPAIR_REQUIRED_BEFORE_CLEANUP,cleanup_blocked_until_repaired_or_explicitly_deferred,data/dbn/status,phase1A_source_optional_enrichment,status,KE,2013,KE:2013,missing_pair,unexpected_missing,false,data/dbn/status,missing expected data under the current manifest contract,expected by manifest but absent from filename inventory,repair the missing canonical artifact or explicitly change/defer manifest policy before cleanup evaluation
REPAIR_REQUIRED_BEFORE_CLEANUP,cleanup_blocked_until_repaired_or_explicitly_deferred,data/dbn/status,phase1A_source_optional_enrichment,status,KE,2014,KE:2014,missing_pair,unexpected_missing,false,data/dbn/status,missing expected data under the current manifest contract,expected by manifest but absent from filename inventory,repair the missing canonical artifact or explicitly change/defer manifest policy before cleanup evaluation
REPAIR_REQUIRED_BEFORE_CLEANUP,cleanup_blocked_until_repaired_or_explicitly_deferred,data/dbn/status,phase1A_source_optional_enrichment,status,LE,2010,LE:2010,missing_pair,unexpected_missing,false,data/dbn/status,missing expected data under the current manifest contract,expected by manifest but absent from filename inventory,repair the missing canonical artifact or explicitly change/defer manifest policy before cleanup evaluation
REPAIR_REQUIRED_BEFORE_CLEANUP,cleanup_blocked_until_repaired_or_explicitly_deferred,data/dbn/status,phase1A_source_optional_enrichment,status,LE,2011,LE:2011,missing_pair,unexpected_missing,false,data/dbn/status,missing expected data under the current manifest contract,expected by manifest but absent from filename inventory,repair the missing canonical artifact or explicitly change/defer manifest policy before cleanup evaluation
REPAIR_REQUIRED_BEFORE_CLEANUP,cleanup_blocked_until_repaired_or_explicitly_deferred,data/dbn/status,phase1A_source_optional_enrichment,status,LE,2012,LE:2012,missing_pair,unexpected_missing,false,data/dbn/status,missing expected data under the current manifest contract,expected by manifest but absent from filename inventory,repair the missing canonical artifact or explicitly change/defer manifest policy before cleanup evaluation
REPAIR_REQUIRED_BEFORE_CLEANUP,cleanup_blocked_until_repaired_or_explicitly_deferred,data/dbn/status,phase1A_source_optional_enrichment,status,LE,2013,LE:2013,missing_pair,unexpected_missing,false,data/dbn/status,missing expected data under the current manifest contract,expected by manifest but absent from filename inventory,repair the missing canonical artifact or explicitly change/defer manifest policy before cleanup evaluation
REPAIR_REQUIRED_BEFORE_CLEANUP,cleanup_blocked_until_repaired_or_explicitly_deferred,data/dbn/status,phase1A_source_optional_enrichment,status,NQ,2012,NQ:2012,missing_pair,unexpected_missing,false,data/dbn/status,missing expected data under the current manifest contract,expected by manifest but absent from filename inventory,repair the missing canonical artifact or explicitly change/defer manifest policy before cleanup evaluation
REPAIR_REQUIRED_BEFORE_CLEANUP,cleanup_blocked_until_repaired_or_explicitly_deferred,data/dbn/status,phase1A_source_optional_enrichment,status,NQ,2014,NQ:2014,missing_pair,unexpected_missing,false,data/dbn/status,missing expected data under the current manifest contract,expected by manifest but absent from filename inventory,repair the missing canonical artifact or explicitly change/defer manifest policy before cleanup evaluation
REPAIR_REQUIRED_BEFORE_CLEANUP,cleanup_blocked_until_repaired_or_explicitly_deferred,data/dbn/status,phase1A_source_optional_enrichment,status,RB,2010,RB:2010,missing_pair,unexpected_missing,false,data/dbn/status,missing expected data under the current manifest contract,expected by manifest but absent from filename inventory,repair the missing canonical artifact or explicitly change/defer manifest policy before cleanup evaluation
REPAIR_REQUIRED_BEFORE_CLEANUP,cleanup_blocked_until_repaired_or_explicitly_deferred,data/dbn/status,phase1A_source_optional_enrichment,status,RB,2011,RB:2011,missing_pair,unexpected_missing,false,data/dbn/status,missing expected data under the current manifest contract,expected by manifest but absent from filename inventory,repair the missing canonical artifact or explicitly change/defer manifest policy before cleanup evaluation
REPAIR_REQUIRED_BEFORE_CLEANUP,cleanup_blocked_until_repaired_or_explicitly_deferred,data/dbn/status,phase1A_source_optional_enrichment,status,RB,2012,RB:2012,missing_pair,unexpected_missing,false,data/dbn/status,missing expected data under the current manifest contract,expected by manifest but absent from filename inventory,repair the missing canonical artifact or explicitly change/defer manifest policy before cleanup evaluation
REPAIR_REQUIRED_BEFORE_CLEANUP,cleanup_blocked_until_repaired_or_explicitly_deferred,data/dbn/status,phase1A_source_optional_enrichment,status,RB,2013,RB:2013,missing_pair,unexpected_missing,false,data/dbn/status,missing expected data under the current manifest contract,expected by manifest but absent from filename inventory,repair the missing canonical artifact or explicitly change/defer manifest policy before cleanup evaluation
REPAIR_REQUIRED_BEFORE_CLEANUP,cleanup_blocked_until_repaired_or_explicitly_deferred,data/dbn/status,phase1A_source_optional_enrichment,status,RB,2014,RB:2014,missing_pair,unexpected_missing,false,data/dbn/status,missing expected data under the current manifest contract,expected by manifest but absent from filename inventory,repair the missing canonical artifact or explicitly change/defer manifest policy before cleanup evaluation
REPAIR_REQUIRED_BEFORE_CLEANUP,cleanup_blocked_until_repaired_or_explicitly_deferred,data/dbn/status,phase1A_source_optional_enrichment,status,SI,2014,SI:2014,missing_pair,unexpected_missing,false,data/dbn/status,missing expected data under the current manifest contract,expected by manifest but absent from filename inventory,repair the missing canonical artifact or explicitly change/defer manifest policy before cleanup evaluation
REPAIR_REQUIRED_BEFORE_CLEANUP,cleanup_blocked_until_repaired_or_explicitly_deferred,data/dbn/status,phase1A_source_optional_enrichment,status,UB,2010,UB:2010,missing_pair,unexpected_missing,false,data/dbn/status,missing expected data under the current manifest contract,expected by manifest but absent from filename inventory,repair the missing canonical artifact or explicitly change/defer manifest policy before cleanup evaluation
REPAIR_REQUIRED_BEFORE_CLEANUP,cleanup_blocked_until_repaired_or_explicitly_deferred,data/dbn/status,phase1A_source_optional_enrichment,status,UB,2011,UB:2011,missing_pair,unexpected_missing,false,data/dbn/status,missing expected data under the current manifest contract,expected by manifest but absent from filename inventory,repair the missing canonical artifact or explicitly change/defer manifest policy before cleanup evaluation
REPAIR_REQUIRED_BEFORE_CLEANUP,cleanup_blocked_until_repaired_or_explicitly_deferred,data/dbn/status,phase1A_source_optional_enrichment,status,UB,2012,UB:2012,missing_pair,unexpected_missing,false,data/dbn/status,missing expected data under the current manifest contract,expected by manifest but absent from filename inventory,repair the missing canonical artifact or explicitly change/defer manifest policy before cleanup evaluation
REPAIR_REQUIRED_BEFORE_CLEANUP,cleanup_blocked_until_repaired_or_explicitly_deferred,data/dbn/status,phase1A_source_optional_enrichment,status,YM,2011,YM:2011,missing_pair,unexpected_missing,false,data/dbn/status,missing expected data under the current manifest contract,expected by manifest but absent from filename inventory,repair the missing canonical artifact or explicitly change/defer manifest policy before cleanup evaluation
REPAIR_REQUIRED_BEFORE_CLEANUP,cleanup_blocked_until_repaired_or_explicitly_deferred,data/dbn/status,phase1A_source_optional_enrichment,status,YM,2012,YM:2012,missing_pair,unexpected_missing,false,data/dbn/status,missing expected data under the current manifest contract,expected by manifest but absent from filename inventory,repair the missing canonical artifact or explicitly change/defer manifest policy before cleanup evaluation
REPAIR_REQUIRED_BEFORE_CLEANUP,cleanup_blocked_until_repaired_or_explicitly_deferred,data/dbn/status,phase1A_source_optional_enrichment,status,YM,2013,YM:2013,missing_pair,unexpected_missing,false,data/dbn/status,missing expected data under the current manifest contract,expected by manifest but absent from filename inventory,repair the missing canonical artifact or explicitly change/defer manifest policy before cleanup evaluation
REPAIR_REQUIRED_BEFORE_CLEANUP,cleanup_blocked_until_repaired_or_explicitly_deferred,data/dbn/status,phase1A_source_optional_enrichment,status,YM,2014,YM:2014,missing_pair,unexpected_missing,false,data/dbn/status,missing expected data under the current manifest contract,expected by manifest but absent from filename inventory,repair the missing canonical artifact or explicitly change/defer manifest policy before cleanup evaluation
REPAIR_REQUIRED_BEFORE_CLEANUP,cleanup_blocked_until_repaired_or_explicitly_deferred,data/dbn/status,phase1A_source_optional_enrichment,status,ZB,2010,ZB:2010,missing_pair,unexpected_missing,false,data/dbn/status,missing expected data under the current manifest contract,expected by manifest but absent from filename inventory,repair the missing canonical artifact or explicitly change/defer manifest policy before cleanup evaluation
REPAIR_REQUIRED_BEFORE_CLEANUP,cleanup_blocked_until_repaired_or_explicitly_deferred,data/dbn/status,phase1A_source_optional_enrichment,status,ZB,2011,ZB:2011,missing_pair,unexpected_missing,false,data/dbn/status,missing expected data under the current manifest contract,expected by manifest but absent from filename inventory,repair the missing canonical artifact or explicitly change/defer manifest policy before cleanup evaluation
REPAIR_REQUIRED_BEFORE_CLEANUP,cleanup_blocked_until_repaired_or_explicitly_deferred,data/dbn/status,phase1A_source_optional_enrichment,status,ZB,2012,ZB:2012,missing_pair,unexpected_missing,false,data/dbn/status,missing expected data under the current manifest contract,expected by manifest but absent from filename inventory,repair the missing canonical artifact or explicitly change/defer manifest policy before cleanup evaluation
REPAIR_REQUIRED_BEFORE_CLEANUP,cleanup_blocked_until_repaired_or_explicitly_deferred,data/dbn/status,phase1A_source_optional_enrichment,status,ZC,2010,ZC:2010,missing_pair,unexpected_missing,false,data/dbn/status,missing expected data under the current manifest contract,expected by manifest but absent from filename inventory,repair the missing canonical artifact or explicitly change/defer manifest policy before cleanup evaluation
REPAIR_REQUIRED_BEFORE_CLEANUP,cleanup_blocked_until_repaired_or_explicitly_deferred,data/dbn/status,phase1A_source_optional_enrichment,status,ZC,2014,ZC:2014,missing_pair,unexpected_missing,false,data/dbn/status,missing expected data under the current manifest contract,expected by manifest but absent from filename inventory,repair the missing canonical artifact or explicitly change/defer manifest policy before cleanup evaluation
REPAIR_REQUIRED_BEFORE_CLEANUP,cleanup_blocked_until_repaired_or_explicitly_deferred,data/dbn/status,phase1A_source_optional_enrichment,status,ZF,2010,ZF:2010,missing_pair,unexpected_missing,false,data/dbn/status,missing expected data under the current manifest contract,expected by manifest but absent from filename inventory,repair the missing canonical artifact or explicitly change/defer manifest policy before cleanup evaluation
REPAIR_REQUIRED_BEFORE_CLEANUP,cleanup_blocked_until_repaired_or_explicitly_deferred,data/dbn/status,phase1A_source_optional_enrichment,status,ZF,2011,ZF:2011,missing_pair,unexpected_missing,false,data/dbn/status,missing expected data under the current manifest contract,expected by manifest but absent from filename inventory,repair the missing canonical artifact or explicitly change/defer manifest policy before cleanup evaluation
REPAIR_REQUIRED_BEFORE_CLEANUP,cleanup_blocked_until_repaired_or_explicitly_deferred,data/dbn/status,phase1A_source_optional_enrichment,status,ZF,2012,ZF:2012,missing_pair,unexpected_missing,false,data/dbn/status,missing expected data under the current manifest contract,expected by manifest but absent from filename inventory,repair the missing canonical artifact or explicitly change/defer manifest policy before cleanup evaluation
REPAIR_REQUIRED_BEFORE_CLEANUP,cleanup_blocked_until_repaired_or_explicitly_deferred,data/dbn/status,phase1A_source_optional_enrichment,status,ZL,2012,ZL:2012,missing_pair,unexpected_missing,false,data/dbn/status,missing expected data under the current manifest contract,expected by manifest but absent from filename inventory,repair the missing canonical artifact or explicitly change/defer manifest policy before cleanup evaluation
REPAIR_REQUIRED_BEFORE_CLEANUP,cleanup_blocked_until_repaired_or_explicitly_deferred,data/dbn/status,phase1A_source_optional_enrichment,status,ZL,2013,ZL:2013,missing_pair,unexpected_missing,false,data/dbn/status,missing expected data under the current manifest contract,expected by manifest but absent from filename inventory,repair the missing canonical artifact or explicitly change/defer manifest policy before cleanup evaluation
REPAIR_REQUIRED_BEFORE_CLEANUP,cleanup_blocked_until_repaired_or_explicitly_deferred,data/dbn/status,phase1A_source_optional_enrichment,status,ZM,2011,ZM:2011,missing_pair,unexpected_missing,false,data/dbn/status,missing expected data under the current manifest contract,expected by manifest but absent from filename inventory,repair the missing canonical artifact or explicitly change/defer manifest policy before cleanup evaluation
REPAIR_REQUIRED_BEFORE_CLEANUP,cleanup_blocked_until_repaired_or_explicitly_deferred,data/dbn/status,phase1A_source_optional_enrichment,status,ZM,2012,ZM:2012,missing_pair,unexpected_missing,false,data/dbn/status,missing expected data under the current manifest contract,expected by manifest but absent from filename inventory,repair the missing canonical artifact or explicitly change/defer manifest policy before cleanup evaluation
REPAIR_REQUIRED_BEFORE_CLEANUP,cleanup_blocked_until_repaired_or_explicitly_deferred,data/dbn/status,phase1A_source_optional_enrichment,status,ZM,2013,ZM:2013,missing_pair,unexpected_missing,false,data/dbn/status,missing expected data under the current manifest contract,expected by manifest but absent from filename inventory,repair the missing canonical artifact or explicitly change/defer manifest policy before cleanup evaluation
REPAIR_REQUIRED_BEFORE_CLEANUP,cleanup_blocked_until_repaired_or_explicitly_deferred,data/dbn/status,phase1A_source_optional_enrichment,status,ZM,2014,ZM:2014,missing_pair,unexpected_missing,false,data/dbn/status,missing expected data under the current manifest contract,expected by manifest but absent from filename inventory,repair the missing canonical artifact or explicitly change/defer manifest policy before cleanup evaluation
REPAIR_REQUIRED_BEFORE_CLEANUP,cleanup_blocked_until_repaired_or_explicitly_deferred,data/dbn/status,phase1A_source_optional_enrichment,status,ZN,2010,ZN:2010,missing_pair,unexpected_missing,false,data/dbn/status,missing expected data under the current manifest contract,expected by manifest but absent from filename inventory,repair the missing canonical artifact or explicitly change/defer manifest policy before cleanup evaluation
REPAIR_REQUIRED_BEFORE_CLEANUP,cleanup_blocked_until_repaired_or_explicitly_deferred,data/dbn/status,phase1A_source_optional_enrichment,status,ZN,2011,ZN:2011,missing_pair,unexpected_missing,false,data/dbn/status,missing expected data under the current manifest contract,expected by manifest but absent from filename inventory,repair the missing canonical artifact or explicitly change/defer manifest policy before cleanup evaluation
REPAIR_REQUIRED_BEFORE_CLEANUP,cleanup_blocked_until_repaired_or_explicitly_deferred,data/dbn/status,phase1A_source_optional_enrichment,status,ZN,2012,ZN:2012,missing_pair,unexpected_missing,false,data/dbn/status,missing expected data under the current manifest contract,expected by manifest but absent from filename inventory,repair the missing canonical artifact or explicitly change/defer manifest policy before cleanup evaluation
REPAIR_REQUIRED_BEFORE_CLEANUP,cleanup_blocked_until_repaired_or_explicitly_deferred,data/dbn/status,phase1A_source_optional_enrichment,status,ZS,2011,ZS:2011,missing_pair,unexpected_missing,false,data/dbn/status,missing expected data under the current manifest contract,expected by manifest but absent from filename inventory,repair the missing canonical artifact or explicitly change/defer manifest policy before cleanup evaluation
REPAIR_REQUIRED_BEFORE_CLEANUP,cleanup_blocked_until_repaired_or_explicitly_deferred,data/dbn/status,phase1A_source_optional_enrichment,status,ZS,2013,ZS:2013,missing_pair,unexpected_missing,false,data/dbn/status,missing expected data under the current manifest contract,expected by manifest but absent from filename inventory,repair the missing canonical artifact or explicitly change/defer manifest policy before cleanup evaluation
REPAIR_REQUIRED_BEFORE_CLEANUP,cleanup_blocked_until_repaired_or_explicitly_deferred,data/dbn/status,phase1A_source_optional_enrichment,status,ZT,2010,ZT:2010,missing_pair,unexpected_missing,false,data/dbn/status,missing expected data under the current manifest contract,expected by manifest but absent from filename inventory,repair the missing canonical artifact or explicitly change/defer manifest policy before cleanup evaluation
REPAIR_REQUIRED_BEFORE_CLEANUP,cleanup_blocked_until_repaired_or_explicitly_deferred,data/dbn/status,phase1A_source_optional_enrichment,status,ZT,2011,ZT:2011,missing_pair,unexpected_missing,false,data/dbn/status,missing expected data under the current manifest contract,expected by manifest but absent from filename inventory,repair the missing canonical artifact or explicitly change/defer manifest policy before cleanup evaluation
REPAIR_REQUIRED_BEFORE_CLEANUP,cleanup_blocked_until_repaired_or_explicitly_deferred,data/dbn/status,phase1A_source_optional_enrichment,status,ZT,2012,ZT:2012,missing_pair,unexpected_missing,false,data/dbn/status,missing expected data under the current manifest contract,expected by manifest but absent from filename inventory,repair the missing canonical artifact or explicitly change/defer manifest policy before cleanup evaluation
REPAIR_REQUIRED_BEFORE_CLEANUP,cleanup_blocked_until_repaired_or_explicitly_deferred,data/dbn/status,phase1A_source_optional_enrichment,status,ZT,2013,ZT:2013,missing_pair,unexpected_missing,false,data/dbn/status,missing expected data under the current manifest contract,expected by manifest but absent from filename inventory,repair the missing canonical artifact or explicitly change/defer manifest policy before cleanup evaluation
REPAIR_REQUIRED_BEFORE_CLEANUP,cleanup_blocked_until_repaired_or_explicitly_deferred,data/dbn/status,phase1A_source_optional_enrichment,status,ZT,2014,ZT:2014,missing_pair,unexpected_missing,false,data/dbn/status,missing expected data under the current manifest contract,expected by manifest but absent from filename inventory,repair the missing canonical artifact or explicitly change/defer manifest policy before cleanup evaluation
REPAIR_REQUIRED_BEFORE_CLEANUP,cleanup_blocked_until_repaired_or_explicitly_deferred,data/dbn/status,phase1A_source_optional_enrichment,status,ZW,2013,ZW:2013,missing_pair,unexpected_missing,false,data/dbn/status,missing expected data under the current manifest contract,expected by manifest but absent from filename inventory,repair the missing canonical artifact or explicitly change/defer manifest policy before cleanup evaluation
EXPLICITLY_DEFERRED_POLICY_GAP,cleanup_blocked_until_policy_review,data/dbn/status,phase1A_source_optional_enrichment,status,TN,2010,TN:2010,extra_pair,allowed_extra,false,data/dbn/status,"extra historical DBN pair is explicitly allowed by manifest policy, with cleanup still disabled",present in filename inventory but outside manifest expected range,review whether the allowed extra should remain source evidence or receive a documented cleanup policy
EXPLICITLY_DEFERRED_POLICY_GAP,cleanup_blocked_until_policy_review,data/dbn/status,phase1A_source_optional_enrichment,status,TN,2011,TN:2011,extra_pair,allowed_extra,false,data/dbn/status,"extra historical DBN pair is explicitly allowed by manifest policy, with cleanup still disabled",present in filename inventory but outside manifest expected range,review whether the allowed extra should remain source evidence or receive a documented cleanup policy
EXPLICITLY_DEFERRED_POLICY_GAP,cleanup_blocked_until_policy_review,data/dbn/status,phase1A_source_optional_enrichment,status,TN,2012,TN:2012,extra_pair,allowed_extra,false,data/dbn/status,"extra historical DBN pair is explicitly allowed by manifest policy, with cleanup still disabled",present in filename inventory but outside manifest expected range,review whether the allowed extra should remain source evidence or receive a documented cleanup policy
DUPLICATE_POLICY_DEFERRED,cleanup_blocked_until_duplicate_review,data/dbn/status,phase1A_source_optional_enrichment,status,6M,2026,6M:2026,duplicate_pair,known_duplicate_policy_deferred,false,data/dbn/status,known duplicate DBN market-year is policy-deferred review-before-cleanup,data/dbn/status/6M/2026/2026-01-01_2026-06-13.dbn.zst;data/dbn/status/6M/2026/2026-06-12_2026-06-13.dbn.zst,review duplicate path evidence and choose keep/merge/quarantine policy before cleanup evaluation
DUPLICATE_POLICY_DEFERRED,cleanup_blocked_until_duplicate_review,data/dbn/status,phase1A_source_optional_enrichment,status,RTY,2017,RTY:2017,duplicate_pair,known_duplicate_policy_deferred,false,data/dbn/status,known duplicate DBN market-year is policy-deferred review-before-cleanup,data/dbn/status/RTY/2017/2017-01-01_2018-01-01.dbn.zst;data/dbn/status/RTY/2017/2017-06-05_2018-01-01.dbn.zst,review duplicate path evidence and choose keep/merge/quarantine policy before cleanup evaluation
DUPLICATE_POLICY_DEFERRED,cleanup_blocked_until_duplicate_review,data/dbn/status,phase1A_source_optional_enrichment,status,SR3,2018,SR3:2018,duplicate_pair,known_duplicate_policy_deferred,false,data/dbn/status,known duplicate DBN market-year is policy-deferred review-before-cleanup,data/dbn/status/SR3/2018/2018-01-01_2019-01-01.dbn.zst;data/dbn/status/SR3/2018/2018-04-23_2019-01-01.dbn.zst,review duplicate path evidence and choose keep/merge/quarantine policy before cleanup evaluation
EXPLICITLY_DEFERRED_POLICY_GAP,cleanup_blocked_until_policy_review,data/dbn/definition,phase1A_source_definition,definition,TN,2010,TN:2010,extra_pair,allowed_extra,false,data/dbn/definition,"extra historical DBN pair is explicitly allowed by manifest policy, with cleanup still disabled",present in filename inventory but outside manifest expected range,review whether the allowed extra should remain source evidence or receive a documented cleanup policy
EXPLICITLY_DEFERRED_POLICY_GAP,cleanup_blocked_until_policy_review,data/dbn/definition,phase1A_source_definition,definition,TN,2011,TN:2011,extra_pair,allowed_extra,false,data/dbn/definition,"extra historical DBN pair is explicitly allowed by manifest policy, with cleanup still disabled",present in filename inventory but outside manifest expected range,review whether the allowed extra should remain source evidence or receive a documented cleanup policy
EXPLICITLY_DEFERRED_POLICY_GAP,cleanup_blocked_until_policy_review,data/dbn/definition,phase1A_source_definition,definition,TN,2012,TN:2012,extra_pair,allowed_extra,false,data/dbn/definition,"extra historical DBN pair is explicitly allowed by manifest policy, with cleanup still disabled",present in filename inventory but outside manifest expected range,review whether the allowed extra should remain source evidence or receive a documented cleanup policy
EXPLICITLY_DEFERRED_POLICY_GAP,cleanup_blocked_until_policy_review,data/dbn/definition,phase1A_source_definition,definition,ZL,2010,ZL:2010,extra_pair,allowed_extra,false,data/dbn/definition,"extra historical DBN pair is explicitly allowed by manifest policy, with cleanup still disabled",present in filename inventory but outside manifest expected range,review whether the allowed extra should remain source evidence or receive a documented cleanup policy
EXPLICITLY_DEFERRED_POLICY_GAP,cleanup_blocked_until_policy_review,data/dbn/definition,phase1A_source_definition,definition,ZM,2010,ZM:2010,extra_pair,allowed_extra,false,data/dbn/definition,"extra historical DBN pair is explicitly allowed by manifest policy, with cleanup still disabled",present in filename inventory but outside manifest expected range,review whether the allowed extra should remain source evidence or receive a documented cleanup policy
DUPLICATE_POLICY_DEFERRED,cleanup_blocked_until_duplicate_review,data/dbn/definition,phase1A_source_definition,definition,6M,2026,6M:2026,duplicate_pair,known_duplicate_policy_deferred,false,data/dbn/definition,known duplicate DBN market-year is policy-deferred review-before-cleanup,data/dbn/definition/6M/2026/2026-01-01_2026-06-13.dbn.zst;data/dbn/definition/6M/2026/2026-06-12_2026-06-13.dbn.zst,review duplicate path evidence and choose keep/merge/quarantine policy before cleanup evaluation
DUPLICATE_POLICY_DEFERRED,cleanup_blocked_until_duplicate_review,data/dbn/trades,phase1A_source_trades,trades,6M,2026,6M:2026,duplicate_pair,known_duplicate_policy_deferred,false,data/dbn/trades,known duplicate DBN market-year is policy-deferred review-before-cleanup,data/dbn/trades/6M/2026/2026-01-01_2026-06-13.dbn.zst;data/dbn/trades/6M/2026/2026-06-12_2026-06-13.dbn.zst,review duplicate path evidence and choose keep/merge/quarantine policy before cleanup evaluation
REPAIR_REQUIRED_BEFORE_CLEANUP,cleanup_blocked_until_repaired_or_explicitly_deferred,data/raw/{market}/{year}.parquet,phase1B_output_phase2_input,phase1b_raw_parquet,KE,2025,KE:2025,missing_pair,unexpected_missing,false,data/raw/{market}/{year}.parquet,missing expected data under the current manifest contract,expected by manifest but absent from filename inventory,repair the missing canonical artifact or explicitly change/defer manifest policy before cleanup evaluation
REPAIR_REQUIRED_BEFORE_CLEANUP,cleanup_blocked_until_repaired_or_explicitly_deferred,data/raw/{market}/{year}.parquet,phase1B_output_phase2_input,phase1b_raw_parquet,KE,2026,KE:2026,missing_pair,unexpected_missing,false,data/raw/{market}/{year}.parquet,missing expected data under the current manifest contract,expected by manifest but absent from filename inventory,repair the missing canonical artifact or explicitly change/defer manifest policy before cleanup evaluation
REPAIR_REQUIRED_BEFORE_CLEANUP,cleanup_blocked_until_repaired_or_explicitly_deferred,data/raw/{market}/{year}.parquet,phase1B_output_phase2_input,phase1b_raw_parquet,SR1,2025,SR1:2025,missing_pair,unexpected_missing,false,data/raw/{market}/{year}.parquet,missing expected data under the current manifest contract,expected by manifest but absent from filename inventory,repair the missing canonical artifact or explicitly change/defer manifest policy before cleanup evaluation
REPAIR_REQUIRED_BEFORE_CLEANUP,cleanup_blocked_until_repaired_or_explicitly_deferred,data/raw/{market}/{year}.parquet,phase1B_output_phase2_input,phase1b_raw_parquet,SR1,2026,SR1:2026,missing_pair,unexpected_missing,false,data/raw/{market}/{year}.parquet,missing expected data under the current manifest contract,expected by manifest but absent from filename inventory,repair the missing canonical artifact or explicitly change/defer manifest policy before cleanup evaluation
REPAIR_REQUIRED_BEFORE_CLEANUP,cleanup_blocked_until_repaired_or_explicitly_deferred,data/raw/{market}/{year}.parquet,phase1B_output_phase2_input,phase1b_raw_parquet,TN,2025,TN:2025,missing_pair,unexpected_missing,false,data/raw/{market}/{year}.parquet,missing expected data under the current manifest contract,expected by manifest but absent from filename inventory,repair the missing canonical artifact or explicitly change/defer manifest policy before cleanup evaluation
REPAIR_REQUIRED_BEFORE_CLEANUP,cleanup_blocked_until_repaired_or_explicitly_deferred,data/raw/{market}/{year}.parquet,phase1B_output_phase2_input,phase1b_raw_parquet,TN,2026,TN:2026,missing_pair,unexpected_missing,false,data/raw/{market}/{year}.parquet,missing expected data under the current manifest contract,expected by manifest but absent from filename inventory,repair the missing canonical artifact or explicitly change/defer manifest policy before cleanup evaluation
REPAIR_REQUIRED_BEFORE_CLEANUP,cleanup_blocked_until_repaired_or_explicitly_deferred,data/raw/{market}/{year}.parquet,phase1B_output_phase2_input,phase1b_raw_parquet,ZL,2025,ZL:2025,missing_pair,unexpected_missing,false,data/raw/{market}/{year}.parquet,missing expected data under the current manifest contract,expected by manifest but absent from filename inventory,repair the missing canonical artifact or explicitly change/defer manifest policy before cleanup evaluation
REPAIR_REQUIRED_BEFORE_CLEANUP,cleanup_blocked_until_repaired_or_explicitly_deferred,data/raw/{market}/{year}.parquet,phase1B_output_phase2_input,phase1b_raw_parquet,ZL,2026,ZL:2026,missing_pair,unexpected_missing,false,data/raw/{market}/{year}.parquet,missing expected data under the current manifest contract,expected by manifest but absent from filename inventory,repair the missing canonical artifact or explicitly change/defer manifest policy before cleanup evaluation
REPAIR_REQUIRED_BEFORE_CLEANUP,cleanup_blocked_until_repaired_or_explicitly_deferred,data/raw/{market}/{year}.parquet,phase1B_output_phase2_input,phase1b_raw_parquet,ZM,2025,ZM:2025,missing_pair,unexpected_missing,false,data/raw/{market}/{year}.parquet,missing expected data under the current manifest contract,expected by manifest but absent from filename inventory,repair the missing canonical artifact or explicitly change/defer manifest policy before cleanup evaluation
REPAIR_REQUIRED_BEFORE_CLEANUP,cleanup_blocked_until_repaired_or_explicitly_deferred,data/raw/{market}/{year}.parquet,phase1B_output_phase2_input,phase1b_raw_parquet,ZM,2026,ZM:2026,missing_pair,unexpected_missing,false,data/raw/{market}/{year}.parquet,missing expected data under the current manifest contract,expected by manifest but absent from filename inventory,repair the missing canonical artifact or explicitly change/defer manifest policy before cleanup evaluation
REPAIR_REQUIRED_BEFORE_CLEANUP,cleanup_blocked_until_repaired_or_explicitly_deferred,data/causally_gated_normalized/{market}/{year}.parquet,phase2_output,phase2_causal_base_parquet,KE,2013,KE:2013,missing_pair,unexpected_missing,false,data/causally_gated_normalized/{market}/{year}.parquet,missing expected data under the current manifest contract,expected by manifest but absent from filename inventory,repair the missing canonical artifact or explicitly change/defer manifest policy before cleanup evaluation
REPAIR_REQUIRED_BEFORE_CLEANUP,cleanup_blocked_until_repaired_or_explicitly_deferred,data/causally_gated_normalized/{market}/{year}.parquet,phase2_output,phase2_causal_base_parquet,KE,2014,KE:2014,missing_pair,unexpected_missing,false,data/causally_gated_normalized/{market}/{year}.parquet,missing expected data under the current manifest contract,expected by manifest but absent from filename inventory,repair the missing canonical artifact or explicitly change/defer manifest policy before cleanup evaluation
REPAIR_REQUIRED_BEFORE_CLEANUP,cleanup_blocked_until_repaired_or_explicitly_deferred,data/causally_gated_normalized/{market}/{year}.parquet,phase2_output,phase2_causal_base_parquet,KE,2015,KE:2015,missing_pair,unexpected_missing,false,data/causally_gated_normalized/{market}/{year}.parquet,missing expected data under the current manifest contract,expected by manifest but absent from filename inventory,repair the missing canonical artifact or explicitly change/defer manifest policy before cleanup evaluation
REPAIR_REQUIRED_BEFORE_CLEANUP,cleanup_blocked_until_repaired_or_explicitly_deferred,data/causally_gated_normalized/{market}/{year}.parquet,phase2_output,phase2_causal_base_parquet,KE,2016,KE:2016,missing_pair,unexpected_missing,false,data/causally_gated_normalized/{market}/{year}.parquet,missing expected data under the current manifest contract,expected by manifest but absent from filename inventory,repair the missing canonical artifact or explicitly change/defer manifest policy before cleanup evaluation
REPAIR_REQUIRED_BEFORE_CLEANUP,cleanup_blocked_until_repaired_or_explicitly_deferred,data/causally_gated_normalized/{market}/{year}.parquet,phase2_output,phase2_causal_base_parquet,KE,2017,KE:2017,missing_pair,unexpected_missing,false,data/causally_gated_normalized/{market}/{year}.parquet,missing expected data under the current manifest contract,expected by manifest but absent from filename inventory,repair the missing canonical artifact or explicitly change/defer manifest policy before cleanup evaluation
REPAIR_REQUIRED_BEFORE_CLEANUP,cleanup_blocked_until_repaired_or_explicitly_deferred,data/causally_gated_normalized/{market}/{year}.parquet,phase2_output,phase2_causal_base_parquet,KE,2018,KE:2018,missing_pair,unexpected_missing,false,data/causally_gated_normalized/{market}/{year}.parquet,missing expected data under the current manifest contract,expected by manifest but absent from filename inventory,repair the missing canonical artifact or explicitly change/defer manifest policy before cleanup evaluation
REPAIR_REQUIRED_BEFORE_CLEANUP,cleanup_blocked_until_repaired_or_explicitly_deferred,data/causally_gated_normalized/{market}/{year}.parquet,phase2_output,phase2_causal_base_parquet,KE,2019,KE:2019,missing_pair,unexpected_missing,false,data/causally_gated_normalized/{market}/{year}.parquet,missing expected data under the current manifest contract,expected by manifest but absent from filename inventory,repair the missing canonical artifact or explicitly change/defer manifest policy before cleanup evaluation
REPAIR_REQUIRED_BEFORE_CLEANUP,cleanup_blocked_until_repaired_or_explicitly_deferred,data/causally_gated_normalized/{market}/{year}.parquet,phase2_output,phase2_causal_base_parquet,KE,2020,KE:2020,missing_pair,unexpected_missing,false,data/causally_gated_normalized/{market}/{year}.parquet,missing expected data under the current manifest contract,expected by manifest but absent from filename inventory,repair the missing canonical artifact or explicitly change/defer manifest policy before cleanup evaluation
REPAIR_REQUIRED_BEFORE_CLEANUP,cleanup_blocked_until_repaired_or_explicitly_deferred,data/causally_gated_normalized/{market}/{year}.parquet,phase2_output,phase2_causal_base_parquet,KE,2021,KE:2021,missing_pair,unexpected_missing,false,data/causally_gated_normalized/{market}/{year}.parquet,missing expected data under the current manifest contract,expected by manifest but absent from filename inventory,repair the missing canonical artifact or explicitly change/defer manifest policy before cleanup evaluation
REPAIR_REQUIRED_BEFORE_CLEANUP,cleanup_blocked_until_repaired_or_explicitly_deferred,data/causally_gated_normalized/{market}/{year}.parquet,phase2_output,phase2_causal_base_parquet,KE,2022,KE:2022,missing_pair,unexpected_missing,false,data/causally_gated_normalized/{market}/{year}.parquet,missing expected data under the current manifest contract,expected by manifest but absent from filename inventory,repair the missing canonical artifact or explicitly change/defer manifest policy before cleanup evaluation
REPAIR_REQUIRED_BEFORE_CLEANUP,cleanup_blocked_until_repaired_or_explicitly_deferred,data/causally_gated_normalized/{market}/{year}.parquet,phase2_output,phase2_causal_base_parquet,KE,2023,KE:2023,missing_pair,unexpected_missing,false,data/causally_gated_normalized/{market}/{year}.parquet,missing expected data under the current manifest contract,expected by manifest but absent from filename inventory,repair the missing canonical artifact or explicitly change/defer manifest policy before cleanup evaluation
REPAIR_REQUIRED_BEFORE_CLEANUP,cleanup_blocked_until_repaired_or_explicitly_deferred,data/causally_gated_normalized/{market}/{year}.parquet,phase2_output,phase2_causal_base_parquet,KE,2024,KE:2024,missing_pair,unexpected_missing,false,data/causally_gated_normalized/{market}/{year}.parquet,missing expected data under the current manifest contract,expected by manifest but absent from filename inventory,repair the missing canonical artifact or explicitly change/defer manifest policy before cleanup evaluation
REPAIR_REQUIRED_BEFORE_CLEANUP,cleanup_blocked_until_repaired_or_explicitly_deferred,data/causally_gated_normalized/{market}/{year}.parquet,phase2_output,phase2_causal_base_parquet,KE,2025,KE:2025,missing_pair,unexpected_missing,false,data/causally_gated_normalized/{market}/{year}.parquet,missing expected data under the current manifest contract,expected by manifest but absent from filename inventory,repair the missing canonical artifact or explicitly change/defer manifest policy before cleanup evaluation
REPAIR_REQUIRED_BEFORE_CLEANUP,cleanup_blocked_until_repaired_or_explicitly_deferred,data/causally_gated_normalized/{market}/{year}.parquet,phase2_output,phase2_causal_base_parquet,KE,2026,KE:2026,missing_pair,unexpected_missing,false,data/causally_gated_normalized/{market}/{year}.parquet,missing expected data under the current manifest contract,expected by manifest but absent from filename inventory,repair the missing canonical artifact or explicitly change/defer manifest policy before cleanup evaluation
REPAIR_REQUIRED_BEFORE_CLEANUP,cleanup_blocked_until_repaired_or_explicitly_deferred,data/causally_gated_normalized/{market}/{year}.parquet,phase2_output,phase2_causal_base_parquet,SR1,2018,SR1:2018,missing_pair,unexpected_missing,false,data/causally_gated_normalized/{market}/{year}.parquet,missing expected data under the current manifest contract,expected by manifest but absent from filename inventory,repair the missing canonical artifact or explicitly change/defer manifest policy before cleanup evaluation
REPAIR_REQUIRED_BEFORE_CLEANUP,cleanup_blocked_until_repaired_or_explicitly_deferred,data/causally_gated_normalized/{market}/{year}.parquet,phase2_output,phase2_causal_base_parquet,SR1,2019,SR1:2019,missing_pair,unexpected_missing,false,data/causally_gated_normalized/{market}/{year}.parquet,missing expected data under the current manifest contract,expected by manifest but absent from filename inventory,repair the missing canonical artifact or explicitly change/defer manifest policy before cleanup evaluation
REPAIR_REQUIRED_BEFORE_CLEANUP,cleanup_blocked_until_repaired_or_explicitly_deferred,data/causally_gated_normalized/{market}/{year}.parquet,phase2_output,phase2_causal_base_parquet,SR1,2020,SR1:2020,missing_pair,unexpected_missing,false,data/causally_gated_normalized/{market}/{year}.parquet,missing expected data under the current manifest contract,expected by manifest but absent from filename inventory,repair the missing canonical artifact or explicitly change/defer manifest policy before cleanup evaluation
REPAIR_REQUIRED_BEFORE_CLEANUP,cleanup_blocked_until_repaired_or_explicitly_deferred,data/causally_gated_normalized/{market}/{year}.parquet,phase2_output,phase2_causal_base_parquet,SR1,2021,SR1:2021,missing_pair,unexpected_missing,false,data/causally_gated_normalized/{market}/{year}.parquet,missing expected data under the current manifest contract,expected by manifest but absent from filename inventory,repair the missing canonical artifact or explicitly change/defer manifest policy before cleanup evaluation
REPAIR_REQUIRED_BEFORE_CLEANUP,cleanup_blocked_until_repaired_or_explicitly_deferred,data/causally_gated_normalized/{market}/{year}.parquet,phase2_output,phase2_causal_base_parquet,SR1,2022,SR1:2022,missing_pair,unexpected_missing,false,data/causally_gated_normalized/{market}/{year}.parquet,missing expected data under the current manifest contract,expected by manifest but absent from filename inventory,repair the missing canonical artifact or explicitly change/defer manifest policy before cleanup evaluation
REPAIR_REQUIRED_BEFORE_CLEANUP,cleanup_blocked_until_repaired_or_explicitly_deferred,data/causally_gated_normalized/{market}/{year}.parquet,phase2_output,phase2_causal_base_parquet,SR1,2023,SR1:2023,missing_pair,unexpected_missing,false,data/causally_gated_normalized/{market}/{year}.parquet,missing expected data under the current manifest contract,expected by manifest but absent from filename inventory,repair the missing canonical artifact or explicitly change/defer manifest policy before cleanup evaluation
REPAIR_REQUIRED_BEFORE_CLEANUP,cleanup_blocked_until_repaired_or_explicitly_deferred,data/causally_gated_normalized/{market}/{year}.parquet,phase2_output,phase2_causal_base_parquet,SR1,2024,SR1:2024,missing_pair,unexpected_missing,false,data/causally_gated_normalized/{market}/{year}.parquet,missing expected data under the current manifest contract,expected by manifest but absent from filename inventory,repair the missing canonical artifact or explicitly change/defer manifest policy before cleanup evaluation
REPAIR_REQUIRED_BEFORE_CLEANUP,cleanup_blocked_until_repaired_or_explicitly_deferred,data/causally_gated_normalized/{market}/{year}.parquet,phase2_output,phase2_causal_base_parquet,SR1,2025,SR1:2025,missing_pair,unexpected_missing,false,data/causally_gated_normalized/{market}/{year}.parquet,missing expected data under the current manifest contract,expected by manifest but absent from filename inventory,repair the missing canonical artifact or explicitly change/defer manifest policy before cleanup evaluation
REPAIR_REQUIRED_BEFORE_CLEANUP,cleanup_blocked_until_repaired_or_explicitly_deferred,data/causally_gated_normalized/{market}/{year}.parquet,phase2_output,phase2_causal_base_parquet,SR1,2026,SR1:2026,missing_pair,unexpected_missing,false,data/causally_gated_normalized/{market}/{year}.parquet,missing expected data under the current manifest contract,expected by manifest but absent from filename inventory,repair the missing canonical artifact or explicitly change/defer manifest policy before cleanup evaluation
REPAIR_REQUIRED_BEFORE_CLEANUP,cleanup_blocked_until_repaired_or_explicitly_deferred,data/causally_gated_normalized/{market}/{year}.parquet,phase2_output,phase2_causal_base_parquet,TN,2016,TN:2016,missing_pair,unexpected_missing,false,data/causally_gated_normalized/{market}/{year}.parquet,missing expected data under the current manifest contract,expected by manifest but absent from filename inventory,repair the missing canonical artifact or explicitly change/defer manifest policy before cleanup evaluation
REPAIR_REQUIRED_BEFORE_CLEANUP,cleanup_blocked_until_repaired_or_explicitly_deferred,data/causally_gated_normalized/{market}/{year}.parquet,phase2_output,phase2_causal_base_parquet,TN,2017,TN:2017,missing_pair,unexpected_missing,false,data/causally_gated_normalized/{market}/{year}.parquet,missing expected data under the current manifest contract,expected by manifest but absent from filename inventory,repair the missing canonical artifact or explicitly change/defer manifest policy before cleanup evaluation
REPAIR_REQUIRED_BEFORE_CLEANUP,cleanup_blocked_until_repaired_or_explicitly_deferred,data/causally_gated_normalized/{market}/{year}.parquet,phase2_output,phase2_causal_base_parquet,TN,2018,TN:2018,missing_pair,unexpected_missing,false,data/causally_gated_normalized/{market}/{year}.parquet,missing expected data under the current manifest contract,expected by manifest but absent from filename inventory,repair the missing canonical artifact or explicitly change/defer manifest policy before cleanup evaluation
REPAIR_REQUIRED_BEFORE_CLEANUP,cleanup_blocked_until_repaired_or_explicitly_deferred,data/causally_gated_normalized/{market}/{year}.parquet,phase2_output,phase2_causal_base_parquet,TN,2019,TN:2019,missing_pair,unexpected_missing,false,data/causally_gated_normalized/{market}/{year}.parquet,missing expected data under the current manifest contract,expected by manifest but absent from filename inventory,repair the missing canonical artifact or explicitly change/defer manifest policy before cleanup evaluation
REPAIR_REQUIRED_BEFORE_CLEANUP,cleanup_blocked_until_repaired_or_explicitly_deferred,data/causally_gated_normalized/{market}/{year}.parquet,phase2_output,phase2_causal_base_parquet,TN,2020,TN:2020,missing_pair,unexpected_missing,false,data/causally_gated_normalized/{market}/{year}.parquet,missing expected data under the current manifest contract,expected by manifest but absent from filename inventory,repair the missing canonical artifact or explicitly change/defer manifest policy before cleanup evaluation
REPAIR_REQUIRED_BEFORE_CLEANUP,cleanup_blocked_until_repaired_or_explicitly_deferred,data/causally_gated_normalized/{market}/{year}.parquet,phase2_output,phase2_causal_base_parquet,TN,2021,TN:2021,missing_pair,unexpected_missing,false,data/causally_gated_normalized/{market}/{year}.parquet,missing expected data under the current manifest contract,expected by manifest but absent from filename inventory,repair the missing canonical artifact or explicitly change/defer manifest policy before cleanup evaluation
REPAIR_REQUIRED_BEFORE_CLEANUP,cleanup_blocked_until_repaired_or_explicitly_deferred,data/causally_gated_normalized/{market}/{year}.parquet,phase2_output,phase2_causal_base_parquet,TN,2022,TN:2022,missing_pair,unexpected_missing,false,data/causally_gated_normalized/{market}/{year}.parquet,missing expected data under the current manifest contract,expected by manifest but absent from filename inventory,repair the missing canonical artifact or explicitly change/defer manifest policy before cleanup evaluation
REPAIR_REQUIRED_BEFORE_CLEANUP,cleanup_blocked_until_repaired_or_explicitly_deferred,data/causally_gated_normalized/{market}/{year}.parquet,phase2_output,phase2_causal_base_parquet,TN,2023,TN:2023,missing_pair,unexpected_missing,false,data/causally_gated_normalized/{market}/{year}.parquet,missing expected data under the current manifest contract,expected by manifest but absent from filename inventory,repair the missing canonical artifact or explicitly change/defer manifest policy before cleanup evaluation
REPAIR_REQUIRED_BEFORE_CLEANUP,cleanup_blocked_until_repaired_or_explicitly_deferred,data/causally_gated_normalized/{market}/{year}.parquet,phase2_output,phase2_causal_base_parquet,TN,2024,TN:2024,missing_pair,unexpected_missing,false,data/causally_gated_normalized/{market}/{year}.parquet,missing expected data under the current manifest contract,expected by manifest but absent from filename inventory,repair the missing canonical artifact or explicitly change/defer manifest policy before cleanup evaluation
REPAIR_REQUIRED_BEFORE_CLEANUP,cleanup_blocked_until_repaired_or_explicitly_deferred,data/causally_gated_normalized/{market}/{year}.parquet,phase2_output,phase2_causal_base_parquet,TN,2025,TN:2025,missing_pair,unexpected_missing,false,data/causally_gated_normalized/{market}/{year}.parquet,missing expected data under the current manifest contract,expected by manifest but absent from filename inventory,repair the missing canonical artifact or explicitly change/defer manifest policy before cleanup evaluation
REPAIR_REQUIRED_BEFORE_CLEANUP,cleanup_blocked_until_repaired_or_explicitly_deferred,data/causally_gated_normalized/{market}/{year}.parquet,phase2_output,phase2_causal_base_parquet,TN,2026,TN:2026,missing_pair,unexpected_missing,false,data/causally_gated_normalized/{market}/{year}.parquet,missing expected data under the current manifest contract,expected by manifest but absent from filename inventory,repair the missing canonical artifact or explicitly change/defer manifest policy before cleanup evaluation
REPAIR_REQUIRED_BEFORE_CLEANUP,cleanup_blocked_until_repaired_or_explicitly_deferred,data/causally_gated_normalized/{market}/{year}.parquet,phase2_output,phase2_causal_base_parquet,ZL,2011,ZL:2011,missing_pair,unexpected_missing,false,data/causally_gated_normalized/{market}/{year}.parquet,missing expected data under the current manifest contract,expected by manifest but absent from filename inventory,repair the missing canonical artifact or explicitly change/defer manifest policy before cleanup evaluation
REPAIR_REQUIRED_BEFORE_CLEANUP,cleanup_blocked_until_repaired_or_explicitly_deferred,data/causally_gated_normalized/{market}/{year}.parquet,phase2_output,phase2_causal_base_parquet,ZL,2012,ZL:2012,missing_pair,unexpected_missing,false,data/causally_gated_normalized/{market}/{year}.parquet,missing expected data under the current manifest contract,expected by manifest but absent from filename inventory,repair the missing canonical artifact or explicitly change/defer manifest policy before cleanup evaluation
REPAIR_REQUIRED_BEFORE_CLEANUP,cleanup_blocked_until_repaired_or_explicitly_deferred,data/causally_gated_normalized/{market}/{year}.parquet,phase2_output,phase2_causal_base_parquet,ZL,2013,ZL:2013,missing_pair,unexpected_missing,false,data/causally_gated_normalized/{market}/{year}.parquet,missing expected data under the current manifest contract,expected by manifest but absent from filename inventory,repair the missing canonical artifact or explicitly change/defer manifest policy before cleanup evaluation
REPAIR_REQUIRED_BEFORE_CLEANUP,cleanup_blocked_until_repaired_or_explicitly_deferred,data/causally_gated_normalized/{market}/{year}.parquet,phase2_output,phase2_causal_base_parquet,ZL,2014,ZL:2014,missing_pair,unexpected_missing,false,data/causally_gated_normalized/{market}/{year}.parquet,missing expected data under the current manifest contract,expected by manifest but absent from filename inventory,repair the missing canonical artifact or explicitly change/defer manifest policy before cleanup evaluation
REPAIR_REQUIRED_BEFORE_CLEANUP,cleanup_blocked_until_repaired_or_explicitly_deferred,data/causally_gated_normalized/{market}/{year}.parquet,phase2_output,phase2_causal_base_parquet,ZL,2015,ZL:2015,missing_pair,unexpected_missing,false,data/causally_gated_normalized/{market}/{year}.parquet,missing expected data under the current manifest contract,expected by manifest but absent from filename inventory,repair the missing canonical artifact or explicitly change/defer manifest policy before cleanup evaluation
REPAIR_REQUIRED_BEFORE_CLEANUP,cleanup_blocked_until_repaired_or_explicitly_deferred,data/causally_gated_normalized/{market}/{year}.parquet,phase2_output,phase2_causal_base_parquet,ZL,2016,ZL:2016,missing_pair,unexpected_missing,false,data/causally_gated_normalized/{market}/{year}.parquet,missing expected data under the current manifest contract,expected by manifest but absent from filename inventory,repair the missing canonical artifact or explicitly change/defer manifest policy before cleanup evaluation
REPAIR_REQUIRED_BEFORE_CLEANUP,cleanup_blocked_until_repaired_or_explicitly_deferred,data/causally_gated_normalized/{market}/{year}.parquet,phase2_output,phase2_causal_base_parquet,ZL,2017,ZL:2017,missing_pair,unexpected_missing,false,data/causally_gated_normalized/{market}/{year}.parquet,missing expected data under the current manifest contract,expected by manifest but absent from filename inventory,repair the missing canonical artifact or explicitly change/defer manifest policy before cleanup evaluation
REPAIR_REQUIRED_BEFORE_CLEANUP,cleanup_blocked_until_repaired_or_explicitly_deferred,data/causally_gated_normalized/{market}/{year}.parquet,phase2_output,phase2_causal_base_parquet,ZL,2018,ZL:2018,missing_pair,unexpected_missing,false,data/causally_gated_normalized/{market}/{year}.parquet,missing expected data under the current manifest contract,expected by manifest but absent from filename inventory,repair the missing canonical artifact or explicitly change/defer manifest policy before cleanup evaluation
REPAIR_REQUIRED_BEFORE_CLEANUP,cleanup_blocked_until_repaired_or_explicitly_deferred,data/causally_gated_normalized/{market}/{year}.parquet,phase2_output,phase2_causal_base_parquet,ZL,2019,ZL:2019,missing_pair,unexpected_missing,false,data/causally_gated_normalized/{market}/{year}.parquet,missing expected data under the current manifest contract,expected by manifest but absent from filename inventory,repair the missing canonical artifact or explicitly change/defer manifest policy before cleanup evaluation
REPAIR_REQUIRED_BEFORE_CLEANUP,cleanup_blocked_until_repaired_or_explicitly_deferred,data/causally_gated_normalized/{market}/{year}.parquet,phase2_output,phase2_causal_base_parquet,ZL,2020,ZL:2020,missing_pair,unexpected_missing,false,data/causally_gated_normalized/{market}/{year}.parquet,missing expected data under the current manifest contract,expected by manifest but absent from filename inventory,repair the missing canonical artifact or explicitly change/defer manifest policy before cleanup evaluation
REPAIR_REQUIRED_BEFORE_CLEANUP,cleanup_blocked_until_repaired_or_explicitly_deferred,data/causally_gated_normalized/{market}/{year}.parquet,phase2_output,phase2_causal_base_parquet,ZL,2021,ZL:2021,missing_pair,unexpected_missing,false,data/causally_gated_normalized/{market}/{year}.parquet,missing expected data under the current manifest contract,expected by manifest but absent from filename inventory,repair the missing canonical artifact or explicitly change/defer manifest policy before cleanup evaluation
REPAIR_REQUIRED_BEFORE_CLEANUP,cleanup_blocked_until_repaired_or_explicitly_deferred,data/causally_gated_normalized/{market}/{year}.parquet,phase2_output,phase2_causal_base_parquet,ZL,2022,ZL:2022,missing_pair,unexpected_missing,false,data/causally_gated_normalized/{market}/{year}.parquet,missing expected data under the current manifest contract,expected by manifest but absent from filename inventory,repair the missing canonical artifact or explicitly change/defer manifest policy before cleanup evaluation
REPAIR_REQUIRED_BEFORE_CLEANUP,cleanup_blocked_until_repaired_or_explicitly_deferred,data/causally_gated_normalized/{market}/{year}.parquet,phase2_output,phase2_causal_base_parquet,ZL,2023,ZL:2023,missing_pair,unexpected_missing,false,data/causally_gated_normalized/{market}/{year}.parquet,missing expected data under the current manifest contract,expected by manifest but absent from filename inventory,repair the missing canonical artifact or explicitly change/defer manifest policy before cleanup evaluation
REPAIR_REQUIRED_BEFORE_CLEANUP,cleanup_blocked_until_repaired_or_explicitly_deferred,data/causally_gated_normalized/{market}/{year}.parquet,phase2_output,phase2_causal_base_parquet,ZL,2024,ZL:2024,missing_pair,unexpected_missing,false,data/causally_gated_normalized/{market}/{year}.parquet,missing expected data under the current manifest contract,expected by manifest but absent from filename inventory,repair the missing canonical artifact or explicitly change/defer manifest policy before cleanup evaluation
REPAIR_REQUIRED_BEFORE_CLEANUP,cleanup_blocked_until_repaired_or_explicitly_deferred,data/causally_gated_normalized/{market}/{year}.parquet,phase2_output,phase2_causal_base_parquet,ZL,2025,ZL:2025,missing_pair,unexpected_missing,false,data/causally_gated_normalized/{market}/{year}.parquet,missing expected data under the current manifest contract,expected by manifest but absent from filename inventory,repair the missing canonical artifact or explicitly change/defer manifest policy before cleanup evaluation
REPAIR_REQUIRED_BEFORE_CLEANUP,cleanup_blocked_until_repaired_or_explicitly_deferred,data/causally_gated_normalized/{market}/{year}.parquet,phase2_output,phase2_causal_base_parquet,ZL,2026,ZL:2026,missing_pair,unexpected_missing,false,data/causally_gated_normalized/{market}/{year}.parquet,missing expected data under the current manifest contract,expected by manifest but absent from filename inventory,repair the missing canonical artifact or explicitly change/defer manifest policy before cleanup evaluation
REPAIR_REQUIRED_BEFORE_CLEANUP,cleanup_blocked_until_repaired_or_explicitly_deferred,data/causally_gated_normalized/{market}/{year}.parquet,phase2_output,phase2_causal_base_parquet,ZM,2011,ZM:2011,missing_pair,unexpected_missing,false,data/causally_gated_normalized/{market}/{year}.parquet,missing expected data under the current manifest contract,expected by manifest but absent from filename inventory,repair the missing canonical artifact or explicitly change/defer manifest policy before cleanup evaluation
REPAIR_REQUIRED_BEFORE_CLEANUP,cleanup_blocked_until_repaired_or_explicitly_deferred,data/causally_gated_normalized/{market}/{year}.parquet,phase2_output,phase2_causal_base_parquet,ZM,2012,ZM:2012,missing_pair,unexpected_missing,false,data/causally_gated_normalized/{market}/{year}.parquet,missing expected data under the current manifest contract,expected by manifest but absent from filename inventory,repair the missing canonical artifact or explicitly change/defer manifest policy before cleanup evaluation
REPAIR_REQUIRED_BEFORE_CLEANUP,cleanup_blocked_until_repaired_or_explicitly_deferred,data/causally_gated_normalized/{market}/{year}.parquet,phase2_output,phase2_causal_base_parquet,ZM,2013,ZM:2013,missing_pair,unexpected_missing,false,data/causally_gated_normalized/{market}/{year}.parquet,missing expected data under the current manifest contract,expected by manifest but absent from filename inventory,repair the missing canonical artifact or explicitly change/defer manifest policy before cleanup evaluation
REPAIR_REQUIRED_BEFORE_CLEANUP,cleanup_blocked_until_repaired_or_explicitly_deferred,data/causally_gated_normalized/{market}/{year}.parquet,phase2_output,phase2_causal_base_parquet,ZM,2014,ZM:2014,missing_pair,unexpected_missing,false,data/causally_gated_normalized/{market}/{year}.parquet,missing expected data under the current manifest contract,expected by manifest but absent from filename inventory,repair the missing canonical artifact or explicitly change/defer manifest policy before cleanup evaluation
REPAIR_REQUIRED_BEFORE_CLEANUP,cleanup_blocked_until_repaired_or_explicitly_deferred,data/causally_gated_normalized/{market}/{year}.parquet,phase2_output,phase2_causal_base_parquet,ZM,2015,ZM:2015,missing_pair,unexpected_missing,false,data/causally_gated_normalized/{market}/{year}.parquet,missing expected data under the current manifest contract,expected by manifest but absent from filename inventory,repair the missing canonical artifact or explicitly change/defer manifest policy before cleanup evaluation
REPAIR_REQUIRED_BEFORE_CLEANUP,cleanup_blocked_until_repaired_or_explicitly_deferred,data/causally_gated_normalized/{market}/{year}.parquet,phase2_output,phase2_causal_base_parquet,ZM,2016,ZM:2016,missing_pair,unexpected_missing,false,data/causally_gated_normalized/{market}/{year}.parquet,missing expected data under the current manifest contract,expected by manifest but absent from filename inventory,repair the missing canonical artifact or explicitly change/defer manifest policy before cleanup evaluation
REPAIR_REQUIRED_BEFORE_CLEANUP,cleanup_blocked_until_repaired_or_explicitly_deferred,data/causally_gated_normalized/{market}/{year}.parquet,phase2_output,phase2_causal_base_parquet,ZM,2017,ZM:2017,missing_pair,unexpected_missing,false,data/causally_gated_normalized/{market}/{year}.parquet,missing expected data under the current manifest contract,expected by manifest but absent from filename inventory,repair the missing canonical artifact or explicitly change/defer manifest policy before cleanup evaluation
REPAIR_REQUIRED_BEFORE_CLEANUP,cleanup_blocked_until_repaired_or_explicitly_deferred,data/causally_gated_normalized/{market}/{year}.parquet,phase2_output,phase2_causal_base_parquet,ZM,2018,ZM:2018,missing_pair,unexpected_missing,false,data/causally_gated_normalized/{market}/{year}.parquet,missing expected data under the current manifest contract,expected by manifest but absent from filename inventory,repair the missing canonical artifact or explicitly change/defer manifest policy before cleanup evaluation
REPAIR_REQUIRED_BEFORE_CLEANUP,cleanup_blocked_until_repaired_or_explicitly_deferred,data/causally_gated_normalized/{market}/{year}.parquet,phase2_output,phase2_causal_base_parquet,ZM,2019,ZM:2019,missing_pair,unexpected_missing,false,data/causally_gated_normalized/{market}/{year}.parquet,missing expected data under the current manifest contract,expected by manifest but absent from filename inventory,repair the missing canonical artifact or explicitly change/defer manifest policy before cleanup evaluation
REPAIR_REQUIRED_BEFORE_CLEANUP,cleanup_blocked_until_repaired_or_explicitly_deferred,data/causally_gated_normalized/{market}/{year}.parquet,phase2_output,phase2_causal_base_parquet,ZM,2020,ZM:2020,missing_pair,unexpected_missing,false,data/causally_gated_normalized/{market}/{year}.parquet,missing expected data under the current manifest contract,expected by manifest but absent from filename inventory,repair the missing canonical artifact or explicitly change/defer manifest policy before cleanup evaluation
REPAIR_REQUIRED_BEFORE_CLEANUP,cleanup_blocked_until_repaired_or_explicitly_deferred,data/causally_gated_normalized/{market}/{year}.parquet,phase2_output,phase2_causal_base_parquet,ZM,2021,ZM:2021,missing_pair,unexpected_missing,false,data/causally_gated_normalized/{market}/{year}.parquet,missing expected data under the current manifest contract,expected by manifest but absent from filename inventory,repair the missing canonical artifact or explicitly change/defer manifest policy before cleanup evaluation
REPAIR_REQUIRED_BEFORE_CLEANUP,cleanup_blocked_until_repaired_or_explicitly_deferred,data/causally_gated_normalized/{market}/{year}.parquet,phase2_output,phase2_causal_base_parquet,ZM,2022,ZM:2022,missing_pair,unexpected_missing,false,data/causally_gated_normalized/{market}/{year}.parquet,missing expected data under the current manifest contract,expected by manifest but absent from filename inventory,repair the missing canonical artifact or explicitly change/defer manifest policy before cleanup evaluation
REPAIR_REQUIRED_BEFORE_CLEANUP,cleanup_blocked_until_repaired_or_explicitly_deferred,data/causally_gated_normalized/{market}/{year}.parquet,phase2_output,phase2_causal_base_parquet,ZM,2023,ZM:2023,missing_pair,unexpected_missing,false,data/causally_gated_normalized/{market}/{year}.parquet,missing expected data under the current manifest contract,expected by manifest but absent from filename inventory,repair the missing canonical artifact or explicitly change/defer manifest policy before cleanup evaluation
REPAIR_REQUIRED_BEFORE_CLEANUP,cleanup_blocked_until_repaired_or_explicitly_deferred,data/causally_gated_normalized/{market}/{year}.parquet,phase2_output,phase2_causal_base_parquet,ZM,2024,ZM:2024,missing_pair,unexpected_missing,false,data/causally_gated_normalized/{market}/{year}.parquet,missing expected data under the current manifest contract,expected by manifest but absent from filename inventory,repair the missing canonical artifact or explicitly change/defer manifest policy before cleanup evaluation
REPAIR_REQUIRED_BEFORE_CLEANUP,cleanup_blocked_until_repaired_or_explicitly_deferred,data/causally_gated_normalized/{market}/{year}.parquet,phase2_output,phase2_causal_base_parquet,ZM,2025,ZM:2025,missing_pair,unexpected_missing,false,data/causally_gated_normalized/{market}/{year}.parquet,missing expected data under the current manifest contract,expected by manifest but absent from filename inventory,repair the missing canonical artifact or explicitly change/defer manifest policy before cleanup evaluation
REPAIR_REQUIRED_BEFORE_CLEANUP,cleanup_blocked_until_repaired_or_explicitly_deferred,data/causally_gated_normalized/{market}/{year}.parquet,phase2_output,phase2_causal_base_parquet,ZM,2026,ZM:2026,missing_pair,unexpected_missing,false,data/causally_gated_normalized/{market}/{year}.parquet,missing expected data under the current manifest contract,expected by manifest but absent from filename inventory,repair the missing canonical artifact or explicitly change/defer manifest policy before cleanup evaluation
STALE_OR_UNKNOWN_REVIEW_REQUIRED,cleanup_blocked_unknown_review_required,data/raw/_repair_candidates,phase1B_repair_candidate_raw_root,raw_parquet_repair_candidates,,,,stale_or_unknown_path,STALE_OR_UNKNOWN,false,data/raw/_repair_candidates,repair-candidate root remains stale or unknown; text references do not prove it is safe to clean,"Referenced by manifest exclusion, lineage reports, handoff, and phase_restart repair-candidate reports; targeted search found no scripts/tests references.",review repair-candidate contents and provenance before cleanup evaluation; do not move or quarantine now
STALE_OR_UNKNOWN_REVIEW_REQUIRED,cleanup_blocked_unknown_review_required,data/causally_gated_normalized/_repair_candidates,phase2_repair_candidate_causal_root,causal_parquet_repair_candidates,,,,stale_or_unknown_path,STALE_OR_UNKNOWN,false,data/causally_gated_normalized/_repair_candidates,repair-candidate root remains stale or unknown; text references do not prove it is safe to clean,"Referenced by manifest exclusion, lineage reports, handoff, and phase_restart repair-candidate reports; targeted search found no scripts/tests references.",review repair-candidate contents and provenance before cleanup evaluation; do not move or quarantine now
